init_node,term_node,length,Co2Emitted
1,547,777,6
2,548,713,6
3,549,512,3
4,550,276,6
5,551,101,1
6,552,365,2
7,553,371,2
8,554,456,8
9,555,736,4
10,556,705,10
11,557,272,8
12,558,384,2
13,559,144,6
14,560,313,7
15,561,885,7
16,562,960,8
17,563,967,7
18,564,190,8
19,565,520,4
20,566,366,9
21,567,955,8
22,568,959,7
23,569,875,2
24,570,702,6
25,571,240,2
26,572,835,2
27,573,422,5
28,574,829,2
29,575,775,9
30,576,498,6
31,577,334,7
32,578,470,1
33,579,201,9
34,580,574,8
35,581,220,7
36,582,329,7
37,583,236,10
38,584,618,2
39,585,701,1
40,586,230,4
41,587,805,2
42,588,844,5
43,589,229,9
44,590,667,7
45,591,497,4
46,592,139,1
47,593,836,9
48,594,155,5
49,595,522,8
50,596,464,5
51,597,450,7
52,598,147,7
53,599,921,10
54,600,145,8
55,601,908,8
56,602,802,2
57,603,120,3
58,604,525,9
59,605,929,10
60,606,688,3
61,607,816,7
62,608,586,7
63,609,936,7
64,610,417,5
65,611,394,5
66,612,749,10
67,613,504,7
68,614,361,9
69,615,371,2
70,616,104,1
71,617,518,5
72,618,479,2
73,619,932,2
74,620,426,9
75,621,988,3
76,622,179,1
77,623,931,7
78,624,179,10
79,625,817,2
80,626,437,4
81,627,307,7
82,628,329,8
83,629,651,5
84,630,649,8
85,631,149,9
86,632,920,6
87,633,549,4
88,634,160,3
89,635,860,2
90,636,930,7
91,637,294,4
92,638,746,5
93,639,603,7
94,640,862,6
95,641,765,4
96,642,854,3
97,643,888,9
98,644,346,2
99,645,807,8
100,646,852,6
101,647,169,6
102,648,129,5
103,649,868,5
104,650,238,8
105,651,605,9
106,652,609,7
107,653,703,7
108,654,255,2
109,655,362,4
110,656,285,7
111,657,157,8
112,658,511,2
113,659,990,4
114,660,282,3
115,661,756,9
116,662,663,1
117,663,519,2
118,664,435,9
119,665,192,8
120,666,910,10
121,667,820,6
122,668,871,1
123,669,596,9
124,670,439,1
125,671,958,8
126,672,864,3
127,673,693,8
128,674,711,9
129,675,168,8
130,676,830,2
131,677,447,5
132,678,273,2
133,679,728,1
134,680,254,8
135,681,594,6
136,682,904,7
137,683,175,10
138,684,276,10
139,685,603,8
140,686,132,4
141,687,887,5
142,688,293,8
143,689,147,9
144,690,590,2
145,691,578,4
146,692,314,2
147,693,447,4
148,694,607,5
149,695,991,1
150,696,257,9
151,697,639,5
152,698,603,7
153,699,108,1
154,700,481,2
155,701,907,7
156,702,962,4
157,703,228,6
158,704,795,8
159,705,631,6
160,706,119,8
161,707,678,1
162,708,728,3
163,709,732,6
164,710,999,3
165,711,525,7
166,712,504,6
167,713,142,9
168,714,599,10
169,715,470,4
170,716,632,3
171,717,537,7
172,718,712,1
173,719,392,5
174,720,573,2
175,721,253,5
176,722,970,4
177,723,627,5
178,724,958,1
179,725,687,3
180,726,269,4
181,727,127,5
182,728,968,7
183,729,307,4
184,730,830,4
185,731,289,8
186,732,810,4
187,733,515,1
188,734,625,6
189,735,613,5
190,736,233,7
191,737,625,7
192,738,555,8
193,739,165,10
194,740,901,8
195,741,926,2
196,742,297,3
197,743,319,8
198,744,283,5
199,745,889,4
200,746,316,3
201,747,420,10
202,748,574,4
203,749,312,5
204,750,269,8
205,751,814,3
206,752,212,6
207,753,449,9
208,754,276,2
209,755,716,5
210,756,512,7
211,757,622,5
212,758,381,3
213,759,494,7
214,760,532,4
215,761,146,1
216,762,846,4
217,763,853,10
218,764,722,6
219,765,639,5
220,766,252,5
221,767,840,10
222,768,512,3
223,769,797,1
224,770,654,4
225,771,226,6
226,772,328,1
227,773,681,4
228,774,133,5
229,775,885,10
230,776,293,5
231,777,699,9
232,778,252,10
233,779,1000,5
234,780,520,2
235,781,903,6
236,782,424,7
237,783,237,1
238,784,428,6
239,785,123,1
240,786,333,5
241,787,225,10
242,788,443,7
243,789,717,4
244,790,871,7
245,791,195,8
246,792,407,6
247,793,376,10
248,794,889,4
249,795,456,4
250,796,393,2
251,797,626,3
252,798,381,7
253,799,426,10
254,800,944,5
255,801,589,1
256,802,348,6
257,803,450,6
258,804,925,5
259,805,663,6
260,806,942,2
261,807,907,5
262,808,187,4
263,809,713,8
264,810,631,7
265,811,128,8
266,812,231,7
267,813,963,5
268,814,637,7
269,815,291,2
270,816,239,8
271,817,792,2
272,818,249,10
273,819,639,8
274,820,118,5
275,821,768,1
276,822,200,1
277,823,952,8
278,824,849,10
279,825,519,6
280,826,780,9
281,827,388,6
282,828,276,1
283,829,626,1
284,830,546,3
285,831,834,6
286,832,429,9
287,833,212,5
288,834,460,7
289,835,952,1
290,836,494,6
291,837,203,8
292,838,369,5
293,839,346,2
294,840,228,8
295,841,292,6
296,842,875,1
297,843,637,6
298,844,537,3
299,845,770,2
300,846,957,9
301,847,591,6
302,848,401,4
303,849,629,7
304,850,260,2
305,851,547,4
306,852,114,3
307,853,644,5
308,854,151,8
309,855,662,8
310,856,450,4
311,857,195,9
312,858,672,2
313,859,970,2
314,860,777,7
315,861,295,3
316,862,764,7
317,863,924,8
318,864,407,3
319,865,469,10
320,866,489,1
321,867,864,10
322,868,764,8
323,869,195,7
324,870,387,4
325,871,150,5
326,872,232,10
327,873,565,9
328,874,889,2
329,875,994,5
330,876,867,9
331,877,217,6
332,878,133,4
333,879,516,4
334,880,859,4
335,881,900,7
336,882,372,6
337,883,512,1
338,884,617,10
339,885,275,4
340,886,795,5
341,887,278,2
342,888,476,6
343,889,825,5
344,890,114,7
345,891,109,5
346,892,345,8
347,893,957,2
348,894,229,1
349,895,887,4
350,896,301,8
351,897,543,9
352,898,180,1
353,899,451,6
354,900,194,8
355,901,174,2
356,902,217,3
357,903,699,5
358,904,362,4
359,905,969,3
360,906,940,8
361,907,731,8
362,908,656,9
363,909,683,2
364,910,931,2
365,911,690,1
366,912,965,6
367,913,590,6
368,914,223,8
369,915,120,5
370,916,802,3
371,917,188,10
372,918,277,7
373,919,660,4
374,920,200,4
375,921,260,7
376,922,359,4
377,923,281,10
378,924,919,10
379,925,390,3
380,926,472,5
381,927,899,2
382,928,180,1
383,929,285,5
384,930,969,1
385,931,632,6
386,932,428,6
387,933,556,10
388,390,319,5
388,391,841,1
388,708,242,5
388,802,605,6
389,390,777,3
389,801,765,4
389,914,708,9
390,388,504,7
390,389,581,1
390,925,827,4
391,388,962,4
391,392,536,4
391,709,788,5
391,715,838,9
392,391,297,6
392,393,195,2
392,713,451,7
392,717,163,9
393,392,738,2
393,394,224,1
393,712,676,2
393,716,866,4
394,393,736,6
394,395,478,6
394,584,741,3
394,601,745,5
395,394,224,4
395,396,959,4
395,584,216,8
395,600,590,6
396,395,185,4
396,397,125,1
397,396,562,1
397,398,218,4
397,588,991,9
397,604,107,1
398,397,267,3
398,399,227,5
398,400,978,5
398,403,987,3
399,398,227,2
399,537,150,3
399,604,751,2
399,609,367,1
400,398,701,6
400,401,334,2
400,587,196,2
400,609,318,9
401,400,626,4
401,402,132,1
401,585,576,6
401,590,550,4
402,401,151,5
403,398,194,5
403,404,577,2
403,606,755,2
403,611,132,2
404,403,258,7
404,405,625,1
404,675,281,6
404,680,429,9
405,404,798,5
405,406,698,7
405,488,975,6
406,405,652,10
406,407,325,7
406,677,443,6
406,682,866,4
407,406,934,8
407,408,800,9
407,687,995,1
407,692,166,9
408,407,495,4
408,409,667,9
408,689,653,3
408,694,540,7
409,408,258,2
409,410,668,9
409,538,578,2
409,539,765,2
410,409,281,7
410,411,462,4
410,690,645,2
410,700,451,7
411,410,724,6
411,412,287,9
411,685,624,9
411,695,736,9
412,411,632,10
412,413,846,1
413,412,317,1
413,414,479,4
413,730,462,1
413,734,251,1
414,413,923,1
414,415,274,1
414,731,853,5
414,735,962,10
415,414,634,9
415,416,277,8
415,727,270,7
415,733,980,4
416,415,960,10
416,417,699,5
416,726,879,2
416,732,729,9
417,416,983,8
417,732,216,2
417,913,825,10
417,926,625,1
418,419,975,4
418,921,537,7
418,922,203,2
418,923,141,7
419,418,167,4
419,420,239,3
419,739,281,2
419,743,437,6
420,419,943,6
420,421,603,8
420,751,887,6
420,752,184,3
421,420,197,9
421,422,213,4
421,753,815,7
421,754,430,1
422,421,708,2
422,423,238,5
422,762,908,7
422,766,143,8
423,422,236,9
423,424,599,4
423,764,777,3
423,767,930,1
424,423,914,6
424,425,840,8
424,773,872,9
424,777,568,6
425,424,258,10
425,426,894,2
425,775,904,1
425,779,810,6
426,425,888,2
426,427,334,2
426,441,181,4
427,426,196,1
427,428,912,9
427,594,888,2
427,779,196,10
428,427,701,5
428,429,241,7
428,431,912,2
429,428,376,8
429,430,681,7
429,593,674,3
429,778,857,5
430,429,995,3
431,428,249,4
431,432,938,3
431,593,591,2
431,597,232,2
432,431,370,4
432,433,432,1
432,595,642,9
432,599,897,8
433,432,529,2
433,434,404,8
433,616,175,4
433,617,806,3
434,433,676,10
434,435,861,3
434,618,525,2
434,619,720,5
435,434,826,5
435,436,876,3
435,552,393,10
435,554,817,9
436,435,434,1
436,437,234,3
436,496,596,9
437,436,484,2
437,438,181,3
437,554,320,1
437,556,323,8
438,437,324,6
438,439,561,4
438,535,745,10
438,536,832,7
438,540,787,2
439,438,246,5
439,440,650,6
439,614,631,6
439,615,223,2
440,439,717,7
440,441,790,6
440,612,129,3
440,613,986,6
441,426,711,8
441,440,278,8
441,591,123,5
441,596,788,8
442,443,893,5
442,898,936,4
442,899,968,9
442,929,606,7
443,442,411,9
443,444,541,3
443,897,944,2
443,898,738,1
444,443,262,4
444,445,473,3
445,444,496,5
445,446,832,1
445,885,679,5
445,886,719,5
446,445,808,8
446,447,490,3
446,858,499,6
446,859,586,10
447,446,596,10
447,448,931,3
447,848,725,8
447,849,221,6
448,447,890,7
448,449,915,8
448,664,331,10
448,665,824,2
449,448,330,6
449,450,964,1
449,662,942,9
449,663,959,6
450,449,887,9
450,451,800,8
450,453,556,4
450,508,528,3
451,450,972,6
451,452,735,7
451,654,107,2
451,655,473,3
452,451,859,1
452,525,450,4
452,652,262,7
452,654,643,8
453,450,307,8
453,454,712,2
453,650,295,4
453,841,383,8
454,453,351,9
454,455,766,1
454,838,169,10
454,840,490,7
455,454,465,5
455,456,468,6
455,833,392,6
455,835,443,5
456,455,549,6
456,457,993,9
456,834,890,8
456,836,234,2
457,456,742,3
457,458,566,7
457,829,281,2
457,831,919,7
458,457,656,10
458,459,103,4
458,467,477,4
458,468,771,6
459,458,432,2
459,460,477,4
459,832,184,5
459,845,413,4
460,459,790,10
460,461,376,8
460,872,108,6
460,875,690,9
461,460,553,3
461,462,366,4
461,874,837,4
461,877,998,4
462,461,904,1
462,873,449,7
462,876,180,1
462,927,555,9
463,464,751,6
463,928,366,3
464,463,905,7
464,465,401,3
464,883,738,9
464,884,182,2
465,464,376,9
465,466,194,6
465,862,315,1
465,881,897,1
466,465,169,6
466,467,814,8
466,855,728,5
466,862,328,4
467,458,388,3
467,466,245,7
467,845,116,6
467,855,285,8
468,458,704,5
468,469,499,10
468,829,797,7
468,830,343,10
469,468,499,3
469,470,726,10
469,819,862,10
469,824,317,7
470,469,664,5
470,471,460,5
470,817,909,5
470,822,938,6
471,470,271,6
471,472,249,5
471,815,964,8
471,816,981,5
472,471,215,6
472,473,112,1
472,813,194,10
472,815,623,2
473,472,663,6
473,474,973,4
473,475,252,1
473,707,971,4
473,813,334,10
474,473,905,10
474,538,949,9
474,701,785,2
474,706,410,2
475,473,549,6
475,476,316,5
475,706,304,3
475,707,747,5
476,475,413,5
476,477,629,3
476,705,486,7
476,707,975,6
477,476,189,1
477,478,743,9
477,503,570,6
477,504,284,9
478,477,727,1
478,479,968,4
478,633,740,7
478,703,978,9
479,478,898,4
479,480,331,1
479,629,768,9
479,693,452,9
480,479,857,1
480,481,570,3
480,483,722,2
480,484,149,2
480,486,259,10
481,480,807,5
481,482,570,3
481,483,168,9
481,691,118,9
482,481,105,3
483,480,330,8
483,481,771,7
483,539,415,1
483,693,926,2
484,480,417,5
484,485,354,3
484,627,929,9
484,629,633,8
485,484,769,10
485,489,572,10
485,626,302,9
485,628,294,9
486,480,451,5
486,535,789,5
486,627,327,7
486,691,499,1
487,488,117,7
487,535,477,2
487,681,663,7
487,682,709,2
488,405,248,1
488,487,289,5
488,680,108,4
488,682,925,4
489,485,665,6
489,490,833,10
489,630,910,5
489,631,958,8
490,489,249,2
490,491,497,3
490,557,905,2
490,631,642,7
491,490,153,4
491,492,300,7
491,558,829,3
491,559,935,2
492,491,402,6
492,493,337,4
492,561,405,9
492,562,749,7
493,492,967,4
493,494,481,7
493,497,682,10
493,562,321,4
493,564,753,6
494,493,970,9
494,495,992,8
494,561,154,10
494,563,248,10
495,494,645,3
495,496,236,2
495,551,142,8
495,560,342,4
496,436,671,1
496,495,516,10
496,553,168,6
496,556,449,8
497,493,222,3
497,498,942,5
498,497,857,5
498,499,855,7
498,533,374,8
499,498,334,4
499,500,211,5
499,567,215,6
499,569,558,4
500,499,490,4
500,501,129,10
500,566,368,10
500,570,180,7
501,500,395,5
501,502,110,10
501,571,902,6
501,636,571,7
502,501,187,7
502,503,185,4
502,632,237,7
502,634,577,5
503,477,131,3
503,502,432,5
503,504,472,6
503,633,837,7
504,477,462,2
504,503,451,2
504,505,212,10
504,635,706,9
505,504,299,2
505,506,373,2
505,634,132,5
505,639,734,7
506,505,748,10
506,507,463,6
506,639,719,2
506,644,339,6
507,506,257,7
507,508,779,8
507,578,524,6
507,646,331,7
508,450,617,9
508,507,936,5
508,509,686,6
509,508,371,10
509,510,598,3
509,659,231,7
509,667,624,10
510,509,510,9
510,511,317,4
510,658,754,8
510,666,932,8
511,510,863,7
511,512,335,10
511,521,613,1
511,522,824,10
512,511,104,2
512,513,776,8
512,661,113,10
512,670,366,7
513,512,594,8
513,514,992,3
513,902,563,8
513,905,637,5
514,513,892,1
514,515,725,2
514,903,947,8
514,905,672,8
515,514,818,7
515,516,541,2
515,534,417,8
515,544,282,10
515,932,391,5
516,515,687,2
516,517,127,10
516,903,899,9
516,906,484,9
517,516,635,4
517,518,812,1
517,908,961,5
517,909,943,9
518,517,551,5
518,911,552,8
518,912,624,4
518,930,426,5
519,520,602,1
519,521,555,7
519,668,953,8
519,670,107,1
520,519,373,10
521,511,146,2
521,519,271,9
521,666,394,7
521,670,717,9
522,511,426,4
522,523,711,3
523,522,907,4
523,530,931,7
523,545,443,9
524,525,946,4
524,545,166,8
524,578,481,6
524,647,684,1
525,452,782,7
525,524,250,1
525,652,748,3
525,657,197,10
526,527,953,3
526,528,855,2
526,541,653,2
526,546,893,9
527,526,479,4
527,542,367,1
527,543,278,8
527,546,708,6
528,526,116,10
528,529,807,1
528,573,987,9
528,575,643,5
529,528,501,5
529,530,416,7
529,531,819,5
530,523,278,3
530,529,837,9
530,575,714,2
530,577,821,10
531,529,401,2
531,532,378,5
531,573,685,3
531,574,652,2
532,531,855,8
532,533,197,8
532,569,590,4
532,574,345,5
533,498,443,8
533,532,273,4
533,568,387,2
533,569,862,7
534,515,310,9
534,543,402,10
534,933,117,7
535,438,464,9
535,486,293,3
535,487,813,5
536,438,409,10
536,537,278,6
536,615,545,3
537,399,323,5
537,536,198,4
537,608,749,9
537,610,182,4
538,409,154,8
538,474,344,7
538,699,245,5
538,704,167,1
539,409,696,6
539,483,235,7
539,694,150,7
539,704,479,2
540,438,558,7
540,583,149,7
540,622,824,6
541,526,668,7
541,582,858,10
541,902,763,9
542,527,317,7
542,902,596,7
542,903,815,6
543,527,153,7
543,534,794,10
543,903,204,2
544,515,746,5
544,903,379,8
544,904,936,8
545,523,608,1
545,524,525,6
545,577,932,2
545,580,335,10
546,526,619,1
546,527,741,2
547,1,770,4
547,548,400,4
547,549,437,3
547,621,318,8
548,2,719,3
548,547,193,3
548,550,639,5
548,552,558,5
548,618,442,1
549,3,449,7
549,547,768,9
549,550,168,5
549,551,384,3
550,4,620,6
550,548,987,8
550,549,339,10
550,551,248,2
550,552,867,8
550,553,108,8
550,560,606,1
551,5,799,9
551,495,575,7
551,549,498,10
551,550,552,6
551,563,583,7
552,6,339,5
552,435,499,3
552,548,952,7
552,550,933,3
552,553,661,1
552,618,495,9
552,619,957,5
553,7,939,3
553,496,865,10
553,550,318,5
553,552,556,7
553,560,702,7
554,8,776,10
554,435,486,6
554,437,639,6
554,614,276,1
554,619,574,1
554,622,318,3
554,625,100,4
555,9,327,4
555,556,603,2
555,622,858,6
555,624,222,4
555,625,204,3
556,10,618,8
556,437,253,6
556,496,753,5
556,555,498,2
556,557,579,5
556,560,841,4
556,624,187,10
557,11,196,8
557,490,293,5
557,556,104,2
557,558,492,7
557,559,172,9
557,624,880,5
557,630,222,5
558,12,441,5
558,491,124,1
558,557,137,10
558,560,857,1
558,561,464,7
559,13,683,3
559,491,980,2
559,557,362,6
559,562,951,5
559,566,420,4
559,631,806,2
560,14,988,9
560,495,101,9
560,550,102,2
560,553,306,6
560,556,464,4
560,558,202,2
560,561,357,8
561,15,597,8
561,492,343,4
561,494,157,9
561,558,503,7
561,560,284,4
562,16,814,2
562,492,700,8
562,493,928,9
562,559,666,6
562,563,757,2
562,567,277,8
563,17,530,9
563,494,236,2
563,551,387,8
563,562,651,9
563,564,770,10
564,18,981,4
564,493,630,5
564,563,313,10
564,565,661,10
565,19,197,9
565,564,986,10
565,568,173,5
565,569,790,5
566,20,200,5
566,500,586,4
566,559,916,9
566,567,845,1
566,631,536,3
567,21,322,7
567,499,660,5
567,562,309,7
567,566,293,9
568,22,677,3
568,533,844,7
568,565,289,1
568,574,470,3
569,23,285,3
569,499,257,6
569,532,123,10
569,533,274,6
569,565,261,6
569,570,754,9
569,572,437,1
569,573,769,2
570,24,797,9
570,500,809,6
570,569,139,4
570,571,314,5
570,572,988,10
571,25,692,8
571,501,989,1
571,570,764,8
571,572,624,4
571,631,594,5
571,632,911,10
571,634,147,10
571,637,936,10
572,26,226,2
572,569,962,1
572,570,373,3
572,571,682,10
572,573,630,6
572,576,258,6
572,637,978,5
573,27,619,6
573,528,172,6
573,531,161,7
573,569,644,9
573,572,948,1
573,577,417,8
574,28,677,4
574,531,791,1
574,532,818,3
574,568,740,8
574,575,681,2
575,29,468,3
575,528,603,7
575,530,503,3
575,574,899,5
575,580,590,8
575,581,686,6
576,30,791,7
576,572,579,2
576,577,410,9
576,578,774,3
576,637,849,10
576,643,334,6
577,31,290,3
577,530,713,3
577,545,930,9
577,573,150,6
577,576,950,5
577,578,114,5
578,32,199,2
578,507,679,9
578,524,131,4
578,576,275,2
578,577,212,1
578,579,896,7
578,580,626,8
578,643,727,5
578,645,582,10
579,33,416,3
579,578,248,10
579,580,707,7
579,582,466,3
579,647,409,3
579,656,186,10
580,34,593,5
580,545,536,3
580,575,778,10
580,578,866,3
580,579,738,8
580,581,759,4
580,582,294,7
581,35,148,8
581,575,655,2
581,580,695,2
581,582,930,1
582,36,495,3
582,541,279,6
582,579,779,8
582,580,937,9
582,581,623,9
582,660,658,7
583,37,830,5
583,540,835,1
584,38,541,2
584,394,329,7
584,395,335,7
584,586,708,3
584,588,485,9
584,605,843,3
584,710,793,7
584,712,278,2
584,768,655,8
584,808,146,2
585,39,983,1
585,401,853,2
585,586,308,5
585,587,546,9
585,771,100,10
586,40,332,8
586,584,753,9
586,585,918,4
586,588,615,9
586,772,749,8
587,41,671,2
587,400,916,10
587,585,306,10
587,588,628,7
587,592,250,4
587,604,585,7
588,42,496,5
588,397,119,1
588,584,534,4
588,586,837,7
588,587,341,5
589,43,728,5
589,590,674,3
589,591,604,1
589,594,586,6
589,775,700,5
590,44,491,7
590,401,343,5
590,589,185,2
590,592,500,3
590,776,374,3
591,45,818,6
591,441,1000,8
591,589,333,1
591,592,235,10
591,608,775,10
591,613,338,5
592,46,216,3
592,587,402,8
592,590,299,4
592,591,495,5
592,608,878,2
592,609,805,9
593,47,728,5
593,429,771,6
593,431,723,1
593,594,285,8
593,595,107,1
594,48,268,3
594,427,251,5
594,589,939,5
594,593,496,2
594,596,188,8
595,49,634,3
595,432,760,6
595,593,740,10
595,596,182,1
595,612,416,7
595,617,434,8
596,50,582,9
596,441,819,8
596,594,872,10
596,595,181,1
596,612,287,5
596,613,632,1
597,51,774,4
597,431,998,7
597,599,599,3
597,778,876,8
598,52,789,4
598,599,568,5
598,616,207,1
598,620,164,4
599,53,316,7
599,432,240,4
599,597,188,10
599,598,608,2
599,616,772,5
599,617,780,8
600,54,143,10
600,395,991,7
600,601,728,4
600,602,871,10
600,605,392,2
601,55,180,5
601,394,182,10
601,600,662,2
601,603,224,1
601,716,509,5
602,56,747,4
602,600,105,4
602,603,491,6
602,607,237,1
602,671,289,9
603,57,832,7
603,601,560,6
603,602,386,3
603,672,412,1
603,718,137,4
604,58,419,7
604,397,487,10
604,399,793,4
604,587,559,2
604,605,726,8
604,606,745,9
605,59,521,8
605,584,925,9
605,600,706,2
605,604,946,9
605,607,939,8
606,60,344,6
606,403,856,1
606,604,592,3
606,607,508,6
606,675,887,9
607,61,530,8
607,602,992,10
607,605,941,6
607,606,591,8
607,676,523,2
608,62,129,3
608,537,545,5
608,591,859,7
608,592,111,7
608,609,600,8
608,613,639,2
609,63,973,3
609,399,585,10
609,400,611,4
609,592,620,10
609,608,106,9
609,611,899,5
610,64,839,4
610,537,277,4
610,611,734,9
610,615,608,6
610,679,488,8
611,65,181,6
611,403,474,10
611,609,704,3
611,610,670,9
611,680,253,3
612,66,547,2
612,440,964,10
612,595,820,9
612,596,998,3
612,614,484,7
612,617,637,9
613,67,349,8
613,440,113,2
613,591,274,9
613,596,851,8
613,608,569,3
613,615,169,1
614,68,138,10
614,439,417,6
614,554,766,2
614,612,593,10
614,619,341,3
614,622,281,5
615,69,850,1
615,439,566,6
615,536,636,6
615,610,520,3
615,613,977,4
615,622,241,10
616,70,246,3
616,433,337,9
616,598,402,2
616,599,249,1
616,618,471,7
616,620,124,8
617,71,658,8
617,433,140,10
617,595,684,4
617,599,755,2
617,612,827,3
617,619,556,2
618,72,183,10
618,434,570,5
618,548,658,4
618,552,458,4
618,616,546,5
618,621,520,9
619,73,998,2
619,434,890,6
619,552,240,4
619,554,900,2
619,614,198,5
619,617,428,4
620,74,216,5
620,598,954,6
620,616,587,2
620,621,316,8
621,75,857,2
621,547,679,2
621,618,336,7
621,620,781,2
622,76,848,2
622,540,259,8
622,554,695,8
622,555,937,8
622,614,183,9
622,615,496,7
622,623,316,3
622,625,436,5
623,77,859,1
623,622,561,3
623,624,298,7
623,627,931,1
623,681,438,1
624,78,105,10
624,555,889,8
624,556,246,5
624,557,235,8
624,623,664,10
624,626,799,1
625,79,284,6
625,554,199,7
625,555,414,8
625,622,979,3
626,80,526,1
626,485,848,5
626,624,159,7
626,627,648,9
626,630,600,4
627,81,192,3
627,484,157,6
627,486,560,4
627,623,625,7
627,626,290,2
628,82,736,9
628,485,204,9
628,629,713,8
628,631,603,5
628,632,762,4
629,83,347,7
629,479,717,1
629,484,270,5
629,628,564,3
629,633,803,6
630,84,242,10
630,489,913,8
630,557,530,8
630,626,297,7
631,85,846,6
631,489,942,5
631,490,145,1
631,559,804,4
631,566,731,5
631,571,726,6
631,628,522,3
631,636,583,8
632,86,333,7
632,502,829,2
632,571,230,3
632,628,749,6
632,633,607,7
632,636,857,2
633,87,803,1
633,478,666,3
633,503,126,7
633,629,948,8
633,632,570,2
634,88,165,7
634,502,897,7
634,505,101,2
634,571,604,2
634,635,303,2
634,637,321,9
635,89,803,6
635,504,574,2
635,634,682,3
635,640,362,8
635,705,980,1
636,90,999,2
636,501,806,2
636,631,245,5
636,632,854,2
637,91,562,5
637,571,698,2
637,572,833,1
637,576,322,2
637,634,291,10
637,644,409,3
638,92,104,4
638,640,952,2
638,642,740,7
638,707,749,2
638,815,753,8
638,825,458,1
638,826,679,5
639,93,791,5
639,505,433,10
639,506,367,3
639,640,748,8
639,641,190,5
640,94,940,1
640,635,818,7
640,638,972,1
640,639,383,4
640,642,982,1
641,95,363,1
641,639,797,8
641,642,257,1
641,646,184,1
641,648,925,10
642,96,612,6
642,638,507,10
642,640,602,7
642,641,763,3
642,649,915,7
643,97,407,10
643,576,581,7
643,578,278,1
643,644,140,9
644,98,822,2
644,506,553,1
644,637,901,3
644,643,670,9
644,646,760,6
645,99,903,5
645,578,212,1
645,646,458,7
645,647,434,1
645,652,548,3
646,100,617,6
646,507,700,8
646,641,693,10
646,644,104,9
646,645,282,7
646,653,832,1
647,101,557,10
647,524,484,1
647,579,486,1
647,645,313,1
647,657,548,10
648,102,986,2
648,641,340,5
648,649,881,8
648,650,139,2
648,653,978,2
649,103,632,1
649,642,133,10
649,648,620,2
649,651,808,9
649,825,655,3
650,104,197,6
650,453,905,1
650,648,829,8
650,651,772,5
650,655,350,5
651,105,454,3
651,649,836,6
651,650,417,10
651,827,645,7
651,842,184,3
652,106,526,6
652,452,717,6
652,525,729,10
652,645,938,4
652,653,468,6
653,107,949,10
653,646,951,2
653,648,895,9
653,652,862,8
653,655,658,5
654,108,171,4
654,451,291,8
654,452,579,3
654,659,407,1
654,662,690,4
655,109,999,4
655,451,597,7
655,650,325,9
655,653,389,9
655,663,709,5
656,110,824,3
656,579,918,1
656,657,411,2
656,658,411,10
656,660,834,5
657,111,450,2
657,525,371,5
657,647,727,3
657,656,556,5
657,659,321,4
658,112,153,2
658,510,950,1
658,656,701,4
658,659,828,2
658,661,844,10
659,113,155,1
659,509,704,1
659,654,607,9
659,657,904,3
659,658,328,7
660,114,673,8
660,582,219,2
660,656,464,6
660,661,840,9
660,902,748,4
661,115,478,1
661,512,232,4
661,658,562,3
661,660,489,8
661,902,790,1
662,116,426,7
662,449,471,6
662,654,836,1
662,664,713,6
662,667,585,1
663,117,350,1
663,449,487,6
663,655,434,9
663,665,187,7
663,841,828,9
664,118,136,5
664,448,503,3
664,662,992,5
664,669,432,1
664,849,776,9
665,119,432,8
665,448,869,9
665,663,282,6
665,843,502,10
665,849,834,6
666,120,830,7
666,510,876,7
666,521,684,1
666,667,603,8
666,668,797,4
667,121,371,5
667,509,512,1
667,662,137,8
667,666,898,5
667,669,996,9
668,122,284,4
668,519,1000,1
668,666,774,1
668,669,871,5
668,850,917,5
669,123,923,7
669,664,563,6
669,667,444,4
669,668,567,7
669,851,984,3
670,124,356,6
670,512,250,8
670,519,946,9
670,521,532,4
670,854,244,9
670,902,618,7
670,905,574,9
671,125,908,10
671,602,889,7
671,672,947,5
671,673,214,4
671,676,812,4
672,126,836,8
672,603,236,10
672,671,635,10
672,674,282,1
672,722,195,7
673,127,925,8
673,671,643,7
673,674,474,1
673,678,712,7
673,683,134,2
674,128,681,10
674,672,152,6
674,673,979,10
674,684,621,7
674,724,777,3
675,129,944,6
675,404,324,9
675,606,134,9
675,676,222,4
675,677,602,5
676,130,375,6
676,607,156,4
676,671,288,6
676,675,236,10
676,678,355,10
677,131,533,2
677,406,163,5
677,675,231,6
677,678,893,10
677,687,277,7
678,132,762,2
678,673,291,1
678,676,130,3
678,677,659,3
678,688,934,9
679,133,785,3
679,610,386,5
679,680,893,1
679,681,116,1
680,134,624,5
680,404,937,2
680,488,701,4
680,611,320,5
680,679,347,5
681,135,586,4
681,487,856,2
681,623,802,7
681,679,785,3
681,691,988,8
682,136,103,3
682,406,830,6
682,487,896,1
682,488,915,4
682,692,214,10
683,137,912,6
683,673,642,10
683,684,549,7
683,685,883,10
683,688,913,9
684,138,599,1
684,674,541,9
684,683,284,6
684,728,413,6
685,139,157,4
685,411,118,1
685,683,125,1
685,686,309,6
685,690,316,2
686,140,231,1
686,685,228,5
686,730,224,8
687,141,765,6
687,407,410,2
687,677,583,1
687,688,148,9
687,689,737,5
688,142,733,7
688,678,597,8
688,683,367,3
688,687,747,7
688,690,152,8
689,143,793,3
689,408,544,6
689,687,826,7
689,690,884,1
689,699,985,8
690,144,483,8
690,410,647,5
690,685,825,1
690,688,392,4
690,689,203,1
691,145,619,9
691,481,356,1
691,486,785,7
691,681,760,4
691,692,690,1
692,146,874,5
692,407,559,5
692,682,921,1
692,691,610,1
692,694,787,1
693,147,876,2
693,479,866,7
693,483,107,10
693,694,540,9
693,703,350,7
694,148,665,6
694,408,767,5
694,539,916,6
694,692,903,9
694,693,593,1
695,149,672,2
695,411,776,4
695,696,744,7
695,697,302,10
695,700,772,10
696,150,340,5
696,695,223,5
696,698,372,4
696,734,1000,5
697,151,671,3
697,695,680,8
697,698,958,6
697,702,646,8
697,809,850,1
698,152,493,6
698,696,149,2
698,697,843,2
698,736,918,7
698,810,929,10
699,153,417,5
699,538,843,1
699,689,166,5
699,700,999,1
699,701,934,4
700,154,849,7
700,410,899,2
700,695,323,6
700,699,215,9
700,702,372,5
701,155,154,1
701,474,718,6
701,699,978,6
701,702,452,5
701,813,830,1
702,156,335,4
702,697,277,2
702,700,579,9
702,701,933,5
702,814,873,9
703,157,508,2
703,478,678,2
703,693,935,9
703,704,859,1
703,705,133,7
704,158,696,7
704,538,551,5
704,539,331,2
704,703,796,4
704,706,996,8
705,159,203,8
705,476,157,9
705,635,805,7
705,703,988,6
705,706,679,9
706,160,266,6
706,474,797,4
706,475,553,10
706,704,986,3
706,705,242,3
707,161,953,10
707,473,871,8
707,475,292,3
707,476,819,1
707,638,433,5
708,162,261,3
708,388,143,4
708,709,672,7
708,714,480,8
708,913,698,5
709,163,550,5
709,391,171,7
709,708,253,7
709,711,708,8
709,713,149,2
709,803,882,9
710,164,746,8
710,584,278,5
710,712,371,5
710,806,455,2
711,165,171,10
711,709,135,8
711,713,822,5
711,807,772,3
712,166,500,2
712,393,555,2
712,584,490,7
712,710,373,9
712,713,462,6
713,167,619,4
713,392,237,5
713,709,819,10
713,711,223,5
713,712,185,3
713,716,631,3
714,168,628,3
714,708,764,3
714,715,227,2
714,720,506,6
714,913,254,5
715,169,143,3
715,391,840,10
715,714,193,8
715,717,509,10
715,719,927,5
715,721,477,9
716,170,451,2
716,393,170,4
716,601,569,4
716,713,740,7
716,717,184,3
716,718,352,9
717,171,672,6
717,392,591,7
717,715,717,9
717,716,818,7
717,719,651,8
718,172,322,2
718,603,928,3
718,716,548,6
718,719,185,8
718,722,211,5
719,173,123,6
719,715,545,3
719,717,564,1
719,718,908,6
719,723,201,6
720,174,797,2
720,714,466,4
720,721,673,5
720,726,344,4
720,913,543,2
721,175,322,1
721,715,849,4
721,720,723,8
721,723,825,9
721,725,508,6
721,727,342,8
722,176,623,8
722,672,596,9
722,718,364,7
722,723,813,3
722,724,895,7
723,177,973,2
723,719,597,9
723,721,159,9
723,722,794,9
723,725,277,5
724,178,124,5
724,674,154,2
724,722,274,10
724,725,932,3
724,728,365,2
725,179,495,4
725,721,364,1
725,723,968,5
725,724,626,10
725,729,250,8
726,180,673,1
726,416,821,3
726,720,203,4
726,727,214,7
726,913,773,7
727,181,409,7
727,415,794,4
727,721,346,6
727,726,619,8
727,729,347,9
727,731,330,3
728,182,993,8
728,684,584,5
728,724,595,1
728,729,600,2
728,730,870,4
729,183,100,10
729,725,276,10
729,727,291,6
729,728,809,8
729,731,610,8
730,184,163,7
730,413,715,10
730,686,455,6
730,728,719,6
730,731,925,1
731,185,708,3
731,414,624,2
731,727,120,6
731,729,224,2
731,730,622,5
732,186,228,2
732,416,921,3
732,417,327,4
732,733,283,3
732,864,150,1
733,187,453,5
733,415,423,4
733,732,539,5
733,735,791,10
733,737,659,3
733,865,257,3
734,188,774,3
734,413,239,3
734,696,972,9
734,735,583,1
734,736,518,1
735,189,518,2
735,414,477,9
735,733,496,6
735,734,468,5
735,737,310,9
736,190,129,9
736,698,367,1
736,734,164,1
736,737,896,1
736,866,473,1
737,191,348,1
737,733,801,7
737,735,400,6
737,736,559,4
737,866,514,4
738,192,463,1
738,740,199,5
738,742,492,3
738,746,145,7
738,784,905,1
738,920,991,5
739,193,497,9
739,419,160,5
739,740,963,10
739,741,800,9
739,921,421,2
740,194,216,6
740,738,735,1
740,739,381,7
740,742,693,10
740,920,624,8
741,195,172,10
741,739,618,5
741,742,761,8
741,743,446,8
741,747,162,4
742,196,967,10
742,738,752,7
742,740,209,4
742,741,194,1
742,748,620,7
743,197,778,2
743,419,779,3
743,741,526,7
743,744,684,4
743,745,658,3
743,751,581,5
743,752,702,5
743,921,901,2
743,922,476,8
744,198,459,8
744,743,648,6
744,745,715,3
744,922,850,8
745,199,764,6
745,743,354,1
745,744,290,1
745,755,359,10
746,200,997,10
746,738,889,5
746,748,409,4
746,750,296,2
746,757,398,6
746,792,178,5
747,201,736,8
747,741,409,9
747,748,702,7
747,749,1000,10
747,752,717,1
748,202,388,8
748,742,544,4
748,746,864,8
748,747,835,1
748,750,118,3
749,203,644,9
749,747,893,9
749,750,426,4
749,754,673,7
749,758,834,4
750,204,295,9
750,746,219,10
750,748,589,8
750,749,794,6
750,759,591,6
751,205,792,10
751,420,824,9
751,743,499,6
751,753,975,7
751,755,417,7
752,206,355,7
752,420,574,10
752,743,574,8
752,747,405,8
752,754,203,1
753,207,129,8
753,421,798,2
753,751,505,3
753,756,289,4
753,762,329,8
754,208,868,6
754,421,482,6
754,749,824,2
754,752,107,1
754,763,711,8
755,209,716,9
755,745,374,10
755,751,281,1
755,756,163,2
756,210,990,9
756,753,110,9
756,755,706,8
756,766,540,1
757,211,833,2
757,746,424,3
757,759,726,6
757,761,163,4
757,768,523,4
757,800,496,4
758,212,341,5
758,749,235,10
758,759,230,6
758,760,674,3
758,763,488,1
759,213,851,8
759,750,531,9
759,757,478,5
759,758,676,4
759,761,263,6
760,214,770,5
760,758,697,5
760,761,179,9
760,765,460,4
760,769,387,1
761,215,323,3
761,757,585,2
761,759,812,3
761,760,134,5
761,770,199,6
762,216,519,1
762,422,342,1
762,753,246,2
762,763,388,6
762,764,621,4
763,217,487,4
763,754,414,6
763,758,340,5
763,762,313,6
763,765,855,9
764,218,496,10
764,423,130,5
764,762,859,3
764,765,799,4
764,773,859,2
765,219,953,6
765,760,591,5
765,763,636,5
765,764,466,10
765,774,507,6
766,220,317,1
766,422,494,1
766,756,472,3
766,767,576,4
767,221,876,3
767,423,700,10
767,766,643,8
767,777,157,6
768,222,108,9
768,584,1000,6
768,757,721,3
768,770,623,6
768,772,635,5
768,808,596,4
769,223,981,7
769,760,428,10
769,770,783,3
769,771,881,4
769,774,511,7
770,224,900,6
770,761,769,1
770,768,800,1
770,769,594,3
770,772,607,7
771,225,883,3
771,585,687,7
771,769,466,2
771,772,994,2
771,776,284,1
772,226,115,3
772,586,887,9
772,768,141,3
772,770,753,7
772,771,609,10
773,227,701,2
773,424,515,7
773,764,255,2
773,774,830,3
773,775,776,2
774,228,294,10
774,765,729,9
774,769,752,5
774,773,847,2
774,776,634,3
775,229,472,2
775,425,624,9
775,589,377,2
775,773,728,7
775,776,109,7
776,230,974,1
776,590,499,1
776,771,532,9
776,774,342,4
776,775,794,7
777,231,473,1
777,424,308,3
777,767,951,9
777,778,651,3
777,779,162,10
778,232,115,4
778,429,441,6
778,597,414,5
778,777,311,2
778,779,132,2
779,233,164,9
779,425,511,4
779,427,707,6
779,777,143,8
779,778,862,1
780,234,303,4
780,781,397,5
780,785,331,10
780,914,669,3
780,916,102,8
781,235,393,10
781,780,142,5
781,782,231,4
781,786,798,2
781,917,496,8
782,236,928,1
782,781,680,7
782,783,492,9
782,787,631,7
782,917,680,7
782,918,206,5
783,237,296,9
783,782,764,10
783,784,554,2
783,788,410,6
783,789,669,10
783,918,987,9
783,919,314,3
784,238,605,1
784,738,731,5
784,783,419,7
784,792,315,8
784,919,791,7
785,239,577,8
785,780,269,2
785,786,400,7
785,793,708,8
785,914,215,7
786,240,864,3
786,781,750,3
786,785,565,4
786,787,222,6
786,794,815,2
787,241,236,3
787,782,692,2
787,786,677,8
787,789,610,8
787,791,553,2
787,795,383,1
788,242,206,7
788,783,971,4
788,789,442,6
788,790,126,8
788,792,650,2
789,243,346,2
789,783,148,10
789,787,161,9
789,788,795,9
789,791,524,1
790,244,585,10
790,788,952,7
790,791,983,6
790,792,674,2
790,796,935,8
791,245,340,1
791,787,304,9
791,789,508,5
791,790,700,1
791,797,372,10
792,246,578,6
792,746,997,5
792,784,294,3
792,788,418,7
792,790,183,6
792,800,450,1
793,247,463,9
793,785,592,1
793,794,454,2
793,801,936,8
793,914,500,5
794,248,214,9
794,786,883,9
794,793,360,6
794,795,378,10
794,802,627,6
795,249,277,1
795,787,466,3
795,794,649,7
795,797,864,2
795,799,616,5
795,803,651,1
796,250,983,2
796,790,644,2
796,797,567,4
796,798,535,6
796,800,759,8
797,251,413,1
797,791,230,4
797,795,601,7
797,796,786,3
797,799,697,4
798,252,431,6
798,796,888,8
798,799,896,10
798,800,706,1
798,804,718,9
799,253,924,8
799,795,863,9
799,797,677,5
799,798,578,3
799,805,897,7
800,254,105,5
800,757,355,10
800,792,515,6
800,796,696,4
800,798,444,9
800,808,726,8
801,255,252,4
801,389,326,9
801,793,476,5
801,802,754,8
801,913,614,2
802,256,408,9
802,388,394,6
802,794,356,9
802,801,738,4
802,803,145,3
803,257,274,4
803,709,522,1
803,795,545,1
803,802,698,1
803,805,434,8
803,807,260,9
804,258,652,3
804,798,688,7
804,805,486,3
804,806,492,4
804,808,285,8
805,259,747,8
805,799,744,2
805,803,482,10
805,804,301,1
805,807,294,8
806,260,694,8
806,710,421,4
806,804,735,9
806,807,966,2
806,808,511,1
807,261,794,3
807,711,775,5
807,803,109,3
807,805,522,7
807,806,722,1
808,262,434,10
808,584,792,10
808,768,175,4
808,800,314,10
808,804,881,7
808,806,934,7
809,263,285,1
809,697,874,8
809,810,866,7
809,811,717,10
809,814,145,1
810,264,713,6
810,698,636,3
810,809,823,2
810,812,686,9
810,866,158,9
811,265,731,1
811,809,136,2
811,812,239,7
811,816,562,3
811,817,874,8
812,266,811,10
812,810,522,2
812,811,814,5
812,818,441,5
812,866,451,5
813,267,114,9
813,472,851,1
813,473,669,9
813,701,303,10
813,814,707,10
814,268,985,5
814,702,397,4
814,809,810,5
814,813,264,4
814,816,853,7
815,269,415,3
815,471,984,1
815,472,838,9
815,638,252,4
815,821,878,5
816,270,422,8
816,471,752,7
816,811,627,3
816,814,836,3
816,822,497,6
817,271,965,9
817,470,677,5
817,811,764,2
817,818,517,6
817,819,715,1
818,272,854,2
818,812,613,4
818,817,794,6
818,820,334,2
818,869,734,5
819,273,846,7
819,469,386,3
819,817,717,10
819,820,458,3
819,829,991,4
820,274,638,7
820,818,880,9
820,819,798,6
820,830,534,8
820,869,799,1
821,275,460,1
821,815,521,10
821,822,381,3
821,823,427,10
821,826,768,4
822,276,232,1
822,470,143,2
822,816,367,1
822,821,546,4
822,824,486,6
823,277,313,8
823,821,966,4
823,824,430,2
823,828,178,8
823,833,438,7
824,278,923,9
824,469,631,5
824,822,649,3
824,823,622,1
824,834,825,9
825,279,509,6
825,638,676,8
825,649,571,10
825,826,454,6
825,827,806,8
826,280,637,4
826,638,669,7
826,821,971,4
826,825,100,6
826,828,923,10
827,281,474,2
827,651,117,4
827,825,181,2
827,828,506,9
827,837,791,2
828,282,532,9
828,823,432,1
828,826,561,9
828,827,145,6
828,838,746,1
829,283,367,9
829,457,333,9
829,468,884,3
829,819,222,2
829,834,369,10
830,284,932,2
830,468,972,6
830,820,469,4
830,832,331,5
830,872,360,7
831,285,139,6
831,457,180,7
831,836,823,5
831,845,926,8
832,286,434,5
832,459,600,3
832,830,103,9
832,872,630,4
833,287,610,3
833,455,364,4
833,823,238,6
833,834,129,2
833,838,148,3
834,288,906,7
834,456,746,6
834,824,341,3
834,829,126,10
834,833,617,5
835,289,993,10
835,455,591,1
835,836,532,4
835,840,680,5
835,846,859,5
836,290,578,2
836,456,993,5
836,831,220,6
836,835,427,2
836,846,672,3
837,291,768,4
837,827,347,7
837,838,437,3
837,839,251,7
837,842,662,10
838,292,988,1
838,454,944,7
838,828,599,1
838,833,454,7
838,837,444,4
839,293,552,10
839,837,599,6
839,840,946,2
839,844,123,4
839,847,447,3
840,294,725,10
840,454,815,9
840,835,719,3
840,839,909,6
840,847,826,3
841,295,541,9
841,453,588,2
841,663,388,2
841,842,375,8
841,843,310,6
842,296,961,5
842,651,575,10
842,837,968,7
842,841,131,8
842,844,934,5
843,297,454,5
843,665,963,6
843,841,174,4
843,844,780,10
843,848,885,5
844,298,484,1
844,839,574,10
844,842,789,5
844,843,145,7
844,848,821,10
845,299,710,6
845,459,642,3
845,467,372,7
845,831,720,8
845,846,742,4
845,875,747,6
846,300,995,6
846,835,185,5
846,836,444,8
846,845,576,6
846,847,476,5
846,856,900,9
847,301,878,1
847,839,687,2
847,840,749,4
847,846,796,2
847,848,148,6
847,857,505,9
848,302,594,8
848,447,968,7
848,843,789,9
848,844,630,4
848,847,221,3
848,858,567,10
849,303,575,6
849,447,919,3
849,664,726,2
849,665,825,10
849,851,559,6
849,853,416,8
849,859,352,7
850,304,468,8
850,668,317,10
850,851,386,7
850,852,731,4
850,854,241,3
851,305,418,4
851,669,710,8
851,849,705,5
851,850,796,6
851,853,775,4
852,306,821,6
852,850,537,1
852,853,139,8
852,854,755,7
852,860,608,4
853,307,144,10
853,849,917,8
853,851,293,7
853,852,391,5
853,860,911,10
854,308,416,6
854,670,368,9
854,850,550,7
854,852,622,5
854,861,947,4
854,905,948,5
854,907,767,10
855,309,408,6
855,466,624,2
855,467,992,2
855,856,704,1
855,878,108,9
856,310,285,3
856,846,844,6
856,855,456,10
856,857,187,5
856,863,558,3
857,311,526,1
857,847,351,6
857,856,696,10
857,858,933,6
857,885,102,9
858,312,456,6
858,446,743,7
858,848,121,3
858,857,336,8
858,886,643,4
859,313,622,7
859,446,148,10
859,849,137,6
859,860,536,2
859,887,937,9
860,314,249,1
860,852,291,8
860,853,162,3
860,859,648,7
860,861,811,7
860,888,183,9
861,315,915,8
861,854,469,7
861,860,694,7
861,888,455,4
861,907,861,4
861,910,747,1
862,316,818,9
862,465,440,9
862,466,628,9
862,863,653,4
862,889,229,2
863,317,591,2
863,856,288,1
863,862,842,10
863,885,833,7
863,890,320,4
864,318,709,1
864,732,481,1
864,865,478,2
864,867,921,9
864,913,823,3
865,319,126,6
865,733,580,7
865,864,936,4
865,866,220,4
865,868,532,6
866,320,711,1
866,736,351,2
866,737,639,4
866,810,757,2
866,812,971,2
866,865,831,9
866,868,788,6
866,869,767,10
867,321,830,2
867,864,127,7
867,868,450,4
867,870,159,1
868,322,252,1
868,865,748,7
868,866,451,2
868,867,544,1
868,869,282,3
868,871,962,9
869,323,833,9
869,818,500,7
869,820,497,2
869,866,543,8
869,868,807,10
869,872,666,3
870,324,896,9
870,867,678,9
870,871,420,5
871,325,404,7
871,868,986,3
871,870,242,3
871,872,210,8
871,874,594,4
872,326,272,6
872,460,883,3
872,830,862,4
872,832,679,4
872,869,461,7
872,871,120,10
873,327,536,9
873,462,754,5
873,874,678,9
874,328,978,9
874,461,852,10
874,871,210,6
874,873,184,6
874,875,245,5
875,329,756,2
875,460,329,3
875,845,205,6
875,874,461,8
875,878,445,8
876,330,871,10
876,462,736,3
876,877,655,6
876,879,625,8
877,331,702,4
877,461,333,6
877,876,202,10
877,878,844,4
877,880,249,7
878,332,267,10
878,855,586,2
878,875,630,6
878,877,540,10
878,881,278,6
879,333,269,6
879,876,709,3
879,880,647,10
879,882,598,1
880,334,922,6
880,877,898,9
880,879,705,7
880,881,374,4
880,883,957,7
881,335,153,4
881,465,640,9
881,878,295,9
881,880,697,2
881,884,294,7
882,336,890,7
882,879,348,7
882,883,455,8
883,337,425,9
883,464,887,5
883,880,200,4
883,882,481,3
884,338,499,10
884,464,666,4
884,881,641,5
884,889,387,5
885,339,366,5
885,445,677,6
885,857,868,8
885,863,615,4
885,892,894,1
886,340,679,8
886,445,946,9
886,858,174,7
886,887,851,10
886,892,934,3
887,341,351,7
887,859,715,1
887,886,577,1
887,888,773,7
887,893,763,8
888,342,188,5
888,860,170,3
888,861,521,2
888,887,634,4
888,894,694,6
888,910,463,6
889,343,648,1
889,862,145,2
889,884,140,3
889,895,268,4
890,344,871,9
890,863,513,3
890,891,730,10
890,896,907,9
891,345,304,7
891,890,616,6
891,896,370,3
891,897,556,5
891,899,254,6
892,346,562,3
892,885,250,8
892,886,279,1
892,897,392,7
893,347,767,6
893,887,841,9
893,894,506,9
893,898,305,6
893,901,330,5
894,348,106,1
894,888,318,3
894,893,118,4
894,910,595,10
895,349,840,10
895,889,350,6
895,896,669,7
896,350,512,8
896,890,353,6
896,891,532,7
896,895,337,10
896,899,154,8
897,351,623,10
897,443,607,3
897,891,464,9
897,892,421,6
897,899,132,8
898,352,410,1
898,442,460,3
898,443,646,5
898,893,169,4
898,900,447,2
899,353,823,8
899,442,134,2
899,891,102,6
899,896,236,9
899,897,239,8
900,354,852,2
900,898,731,10
900,901,638,1
901,355,844,4
901,893,550,3
901,900,399,3
902,356,967,9
902,513,119,1
902,541,182,8
902,542,651,4
902,660,288,2
902,661,979,5
902,670,603,3
903,357,580,1
903,514,217,8
903,516,927,7
903,542,580,4
903,543,383,8
903,544,318,9
904,358,971,8
904,544,387,6
904,906,357,7
905,359,170,10
905,513,386,3
905,514,943,3
905,670,798,10
905,854,421,8
905,906,121,3
905,907,789,7
906,360,843,9
906,516,782,4
906,904,245,9
906,905,254,3
906,908,130,3
906,909,294,8
906,931,779,1
907,361,285,2
907,854,613,2
907,861,269,10
907,905,315,4
907,908,473,6
907,910,604,8
908,362,669,8
908,517,205,2
908,906,797,1
908,907,378,6
908,911,326,8
908,912,462,1
909,363,488,10
909,517,803,6
909,906,137,7
909,912,434,4
910,364,776,2
910,861,294,10
910,888,414,4
910,894,408,3
910,907,129,9
910,911,979,10
911,365,390,5
911,518,559,3
911,908,553,6
911,910,619,6
912,366,603,8
912,518,579,3
912,908,977,4
912,909,559,2
913,367,671,10
913,417,375,8
913,708,498,3
913,714,480,9
913,720,633,3
913,726,607,7
913,801,759,10
913,864,279,4
914,368,707,8
914,389,340,5
914,780,132,3
914,785,432,8
914,793,280,3
914,915,767,10
915,369,169,9
915,914,759,3
915,916,127,6
916,370,492,3
916,780,853,9
916,915,992,6
916,917,873,7
917,371,374,4
917,781,853,4
917,782,228,4
917,916,223,8
917,918,460,6
918,372,474,9
918,782,989,2
918,783,560,2
918,917,781,1
918,919,149,10
919,373,276,6
919,783,135,7
919,784,408,8
919,918,545,9
919,920,623,4
919,924,149,6
920,374,804,2
920,738,682,8
920,740,952,6
920,919,630,4
920,921,235,3
921,375,860,3
921,418,967,4
921,739,805,3
921,743,856,8
921,920,447,9
922,376,285,1
922,418,312,7
922,743,798,10
922,744,591,10
923,377,226,4
923,418,426,4
924,378,839,6
924,919,205,4
925,379,366,9
925,390,957,9
926,380,148,1
926,417,784,1
927,381,634,8
927,462,288,5
928,382,414,8
928,463,801,5
929,383,227,6
929,442,525,1
930,384,380,4
930,518,395,6
931,385,205,2
931,906,316,9
932,386,698,6
932,515,238,6
933,387,430,3
933,534,577,1
